"id";"name";"type";"lookface";"mapid";"cellx";"celly";"life";"maxlife";"base";"sort"
10001;"WarriorGod";2;166;1004;33;65;0;0;0;0
10000;"TaoistMoon";2;120;1004;56;33;0;0;0;0
400;"ArcherGod";2;1657;1004;33;53;0;0;0;0
30;"Taoist";2;130;1004;60;33;0;0;0;0
600050;"Fortuneteller";2;6207;1002;337;720;0;0;0;0
30165;"EscortChief";2;8400;1002;423;320;0;0;0;0
30161;"FurnitureNPC";2;8120;1002;409;370;0;0;0;0
30157;"HouseAgent";2;8070;1002;400;284;0;0;0;0
30154;"Luna";2;8040;1002;372;407;0;0;0;0
30112;"GeneralChen";2;7380;1002;480;351;0;0;0;0
30110;"Mr.Leisure";2;7360;1002;392;32;0;0;0;0
30106;"David";2;7351;1002;444;290;0;0;0;0
30099;"GeneralLong";2;7271;1002;443;242;0;0;0;0
30096;"Richard";2;7253;1002;458;375;0;0;0;0
30095;"John";2;7240;1002;458;233;0;0;0;0
30085;"FoodCarrier";2;7200;1002;76;401;0;0;0;0
30084;"GeneralQing";2;7190;1002;400;288;0;0;0;0
30082;"GeneralCai";2;7171;1002;552;754;0;0;0;0
30080;"CoachLi";2;7150;1002;349;313;0;0;0;0
20005;"Celestine";2;8350;1002;365;92;0;0;0;0
15140;"Gouda";2;1820;1002;473;325;0;0;0;1
10063;"Shopboy";2;5020;1002;424;350;0;0;0;0
10060;"Sunfer";2;1070;1002;409;386;0;0;0;0
10054;"GeneralPeace";2;296;1002;60;463;0;0;0;0
10050;"Conductress";2;280;1002;435;440;0;0;0;0
10033;"SpaceMark";2;270;1002;795;465;0;0;0;0
10032;"SpaceMark";2;270;1002;96;323;0;0;0;0
10031;"SpaceMark";2;270;1002;411;704;0;0;0;0
10021;"ArenaGuard";2;260;1002;459;291;0;0;0;0
10020;"Beautician";5;250;1002;457;332;0;0;0;0
10019;"ArtisanWind";6;240;1002;421;352;0;0;0;0
10003;"GuildDirector";2;150;1002;398;392;0;0;0;0
10002;"Barber";2;26;1002;412;376;0;0;0;0
1611;"GeneralJudd";2;6990;1002;396;233;0;0;0;0
1152;"Simon";2;6520;1002;393;235;0;0;0;0
1061;"WhsGuardian";2;2620;1002;409;392;0;0;0;0
423;"Pedlar";1;2706;1002;412;361;0;0;0;0
380;"GuildController";2;1156;1002;350;337;0;0;0;0
43;"CaptainLi";2;391;1002;512;351;0;0;0;0
8;"Warehouseman";3;80;1002;409;351;0;0;0;1
5;"Blacksmith";1;50;1002;452;330;0;0;0;0
4;"Armorer";1;40;1002;412;366;0;0;0;0
3;"Pharmacist";1;30;1002;466;327;0;0;0;0
1;"Shopkeeper";1;10;1002;415;351;0;0;0;0
600100;"Alcoholist";2;9200;1001;674;340;0;0;0;0
10043;"SpaceMark";2;270;1001;472;366;0;0;0;0
600066;"ToughWei";2;6287;1000;66;354;0;0;0;0
600061;"RichmanZhang";2;6247;1000;520;620;0;0;0;0
600060;"Mr.Pine";2;6232;1000;454;242;0;0;0;0
600002;"Joe";2;6020;1000;77;326;0;0;0;0
30166;"Shopboy";2;8410;1000;469;273;0;0;0;0
30164;"Mike";2;8290;1000;486;618;0;0;0;0
30104;"GeneralShou";2;7310;1000;519;615;0;0;0;0
30103;"StoneBandit";2;7320;1000;324;456;0;0;0;0
30102;"VillageHead";2;7300;1000;479;261;0;0;0;0
30000;"Matchmaker";2;6030;1000;462;589;0;0;0;0
10051;"Conductress";2;280;1000;478;631;0;0;0;0
10041;"SpaceMark";2;270;1000;793;549;0;0;0;0
10040;"SpaceMark";2;270;1000;225;205;0;0;0;0
10016;"Pharmacist";1;236;1000;519;259;0;0;0;0
10015;"Blacksmith";1;220;1000;493;255;0;0;0;0
10011;"Warehouseman";3;200;1000;471;629;0;0;0;1
127;"Assistant";2;1176;1000;312;8;0;0;0;0
10;"Blacksmith";1;100;1000;486;621;0;0;0;0
9;"Pharmacist";1;30;1000;511;630;0;0;0;0
3953;"JewelerSun";2;1440;700;34;47;0;0;0;0
3952;"CollectorWong";2;3236;700;34;42;0;0;0;0
945;"LuckyBox3";2;9277;700;45;59;0;0;0;0
944;"LuckyBox5";2;9307;700;57;59;0;0;0;0
943;"LuckyBox3";2;9277;700;53;59;0;0;0;0
942;"LuckyBox4";2;9287;700;49;59;0;0;0;0
940;"LuckyBox2";2;9267;700;57;55;0;0;0;0
939;"LuckyBox4";2;9287;700;53;55;0;0;0;0
938;"LuckyBox1";2;9257;700;49;55;0;0;0;0
937;"LuckyBox4";2;9287;700;45;55;0;0;0;0
936;"LuckyBox1";2;9257;700;57;51;0;0;0;0
935;"LuckyBox5";2;9307;700;53;51;0;0;0;0
934;"LuckyBox3";2;9267;700;49;51;0;0;0;0
933;"LuckyBox3";2;9277;700;45;51;0;0;0;0
932;"LuckyBox5";2;9307;700;57;47;0;0;0;0
931;"LuckyBox4";2;9287;700;53;47;0;0;0;0
930;"LuckyBox1";2;9257;700;49;47;0;0;0;0
929;"LuckyBox2";2;9267;700;45;47;0;0;0;0
928;"LuckyBox5";2;9307;700;57;43;0;0;0;0
927;"LuckyBox3";2;9277;700;53;43;0;0;0;0
926;"LuckyBox2";2;9267;700;49;43;0;0;0;0
925;"LuckyBox1";2;9257;700;45;43;0;0;0;0
924;"LadyLuck";2;9230;700;40;50;0;0;0;0
10022;"TrojanStar";2;60;1004;44;33;0;0;0;0
35500;"MightyTao";2;8450;1004;66;33;0;0;0;0
10064;"Tinter";2;5030;1008;27;16;0;0;0;0
425;"OldGeneralYang";2;2690;1010;96;42;0;0;0;0
1060;"Guide";2;2610;1010;61;105;0;0;0;0
10004;"BirthManager";2;170;1010;70;37;0;0;0;0
10005;"Blacksmith";2;56;1010;66;46;0;0;0;0
10006;"Warehouseman";2;86;1010;72;50;0;0;0;0
10007;"Armorer";2;46;1010;76;55;0;0;0;0
10008;"Pharmacist";2;36;1010;80;62;0;0;0;0
10009;"Mr.Nosy";2;180;1010;85;41;0;0;0;0
10010;"KnowItAll";2;190;1010;88;31;0;0;0;0
10055;"TaoistStar";2;130;1010;74;37;0;0;0;0
11;"Armorer";1;116;1011;202;242;0;0;0;0
35;"ArtisanCloud";7;350;1011;242;237;0;0;0;0
40;"Alchemist";2;360;1011;178;224;0;0;0;0
125;"Assistant";2;1176;1011;934;562;0;0;0;0
421;"Norbert";2;9210;1011;810;458;0;0;0;0
1610;"OldMiner";2;6980;1011;907;546;0;0;0;0
3216;"Mr.Free";2;1320;1011;154;238;0;0;0;0
10012;"Warehouseman";3;210;1011;227;246;0;0;0;1
10013;"Blacksmith";1;220;1011;197;226;0;0;0;0
10014;"Pharmacist";1;230;1011;189;252;0;0;0;0
10034;"SpaceMark";2;270;1011;538;772;0;0;0;0
10035;"SpaceMark";2;270;1011;734;452;0;0;0;0
10036;"SpaceMark";2;270;1011;67;423;0;0;0;0
10052;"Conductress";2;287;1011;228;255;0;0;0;0
20000;"Shirley";2;8190;1011;783;456;0;0;0;0
30081;"CoachLin";2;7161;1011;178;271;0;0;0;0
30083;"Killer";2;7187;1011;774;414;0;0;0;0
30086;"BanditHead";2;7210;1011;233;271;0;0;0;0
30088;"OldmanTang";2;7230;1011;779;467;0;0;0;0
30114;"GeneralWu";2;7400;1011;800;471;0;0;0;0
30163;"Joy";2;8280;1011;324;187;0;0;0;0
30167;"Roy";2;8420;1011;182;214;0;0;0;0
600000;"Milly";2;6000;1011;804;461;0;0;0;0
600065;"William";2;6310;1011;211;195;0;0;0;0
30055;"Daniel";2;7097;1012;155;165;0;0;0;0
30120;"DevineArtisan";2;7500;1012;403;362;0;0;0;0
30123;"JailGuard";2;7530;1012;364;343;0;0;0;0
300500;"Eternity";2;8360;1012;119;192;0;0;0;0
10017;"Pharmacist";1;230;1013;46;22;0;0;0;0
10018;"Blacksmith";1;220;1013;30;24;0;0;0;0
41;"ArtisanOu";2;370;1015;756;545;0;0;0;0
3010;"AntiqueDealer";2;6910;1015;761;588;0;0;0;0
10023;"Shopkeeper";1;10;1015;721;541;0;0;0;0
10025;"Blacksmith";1;50;1015;751;544;0;0;0;0
10026;"Pharmacist";1;30;1015;765;542;0;0;0;0
10027;"Warehouseman";3;80;1015;716;541;0;0;0;1
10056;"Conductress";2;280;1015;789;566;0;0;0;0
30115;"GreenSnake";2;7410;1015;678;966;0;0;0;0
300010;"Exorcist";2;7680;1015;715;584;0;0;0;0
600001;"Minner";2;6010;1015;707;545;0;0;0;0
600062;"GossiperWang";2;6257;1015;743;515;0;0;0;0
600063;"Roger";2;6267;1015;697;595;0;0;0;0
600064;"Rachel";2;6277;1015;209;183;0;0;0;0
126;"Assistant";2;1176;1020;523;889;0;0;0;0
422;"OldQuarrier";2;9220;1020;568;527;0;0;0;0
3215;"SolarSaint";2;1314;1020;532;480;0;0;0;0
3600;"Alex";2;2160;1020;436;311;0;0;0;0
3610;"Carl";2;2377;1020;369;309;0;0;0;0
10028;"Warehouseman";3;80;1020;576;542;0;0;0;1
10029;"Blacksmith";1;50;1020;560;508;0;0;0;0
10030;"Pharmacist";1;30;1020;550;542;0;0;0;0
10037;"SpaceMark";2;270;1020;824;601;0;0;0;0
10038;"SpaceMark";2;270;1020;491;731;0;0;0;0
10039;"SpaceMark";2;270;1020;106;394;0;0;0;0
10053;"Conductress";2;286;1020;566;622;0;0;0;0
20001;"SoldierLeader";2;8210;1020;448;396;0;0;0;0
30100;"MountainKing";2;7280;1020;543;544;0;0;0;0
30101;"SnakemanLeader";2;7290;1020;88;387;0;0;0;0
30105;"HeresyLeader";2;7342;1020;441;451;0;0;0;0
30111;"BlacksmithLi";2;7370;1020;566;509;0;0;0;0
30113;"Soldier";2;7390;1020;545;509;0;0;0;0
30121;"Hades";2;7510;1020;381;33;0;0;0;0
600068;"OldGeneral";2;6296;1020;535;533;0;0;0;0
44;"Warehouseman";3;87;1036;182;180;0;0;0;1
45;"Mark.Controller";2;417;1036;215;220;0;0;0;0
47;"PrizeNPC";2;1067;1036;185;170;0;0;0;0
50;"ShopFlag";16;1086;1036;118;217;0;0;0;0
51;"ShopFlag";16;1086;1036;118;213;0;0;0;0
52;"ShopFlag";16;1086;1036;118;209;0;0;0;0
53;"ShopFlag";16;1086;1036;118;205;0;0;0;0
54;"ShopFlag";16;1086;1036;118;201;0;0;0;0
55;"ShopFlag";16;1086;1036;118;197;0;0;0;0
56;"ShopFlag";16;1086;1036;118;193;0;0;0;0
57;"ShopFlag";16;1086;1036;118;189;0;0;0;0
58;"ShopFlag";16;1086;1036;118;185;0;0;0;0
59;"ShopFlag";16;1086;1036;118;181;0;0;0;0
60;"ShopFlag";16;1086;1036;118;177;0;0;0;0
61;"ShopFlag";16;1086;1036;118;173;0;0;0;0
62;"ShopFlag";16;1086;1036;125;217;0;0;0;0
63;"ShopFlag";16;1086;1036;125;213;0;0;0;0
64;"ShopFlag";16;1086;1036;125;209;0;0;0;0
65;"ShopFlag";16;1086;1036;125;205;0;0;0;0
66;"ShopFlag";16;1086;1036;125;201;0;0;0;0
67;"ShopFlag";16;1086;1036;125;197;0;0;0;0
68;"ShopFlag";16;1086;1036;125;193;0;0;0;0
69;"ShopFlag";16;1086;1036;125;189;0;0;0;0
70;"ShopFlag";16;1086;1036;125;185;0;0;0;0
71;"ShopFlag";16;1086;1036;125;181;0;0;0;0
72;"ShopFlag";16;1086;1036;125;177;0;0;0;0
73;"ShopFlag";16;1086;1036;125;173;0;0;0;0
74;"ShopFlag";16;1086;1036;150;217;0;0;0;0
75;"ShopFlag";16;1086;1036;150;213;0;0;0;0
76;"ShopFlag";16;1086;1036;150;209;0;0;0;0
77;"ShopFlag";16;1086;1036;150;205;0;0;0;0
78;"ShopFlag";16;1086;1036;150;201;0;0;0;0
79;"ShopFlag";16;1086;1036;150;197;0;0;0;0
80;"ShopFlag";16;1086;1036;150;193;0;0;0;0
81;"ShopFlag";16;1086;1036;150;189;0;0;0;0
82;"ShopFlag";16;1086;1036;150;185;0;0;0;0
83;"ShopFlag";16;1086;1036;150;181;0;0;0;0
84;"ShopFlag";16;1086;1036;150;177;0;0;0;0
85;"ShopFlag";16;1086;1036;150;173;0;0;0;0
86;"ShopFlag";16;1086;1036;157;217;0;0;0;0
87;"ShopFlag";16;1086;1036;157;213;0;0;0;0
88;"ShopFlag";16;1086;1036;157;209;0;0;0;0
89;"ShopFlag";16;1086;1036;157;205;0;0;0;0
90;"ShopFlag";16;1086;1036;157;201;0;0;0;0
91;"ShopFlag";16;1086;1036;157;197;0;0;0;0
92;"ShopFlag";16;1086;1036;157;193;0;0;0;0
93;"ShopFlag";16;1086;1036;157;189;0;0;0;0
94;"ShopFlag";16;1086;1036;157;185;0;0;0;0
95;"ShopFlag";16;1086;1036;157;181;0;0;0;0
96;"ShopFlag";16;1086;1036;157;177;0;0;0;0
97;"ShopFlag";16;1086;1036;157;173;0;0;0;0
98;"ShopFlag";16;1086;1036;178;268;0;0;0;0
99;"ShopFlag";16;1086;1036;178;263;0;0;0;0
100;"ShopFlag";16;1086;1036;178;258;0;0;0;0
101;"ShopFlag";16;1086;1036;178;253;0;0;0;0
102;"ShopFlag";16;1086;1036;178;248;0;0;0;0
103;"ShopFlag";16;1086;1036;178;243;0;0;0;0
104;"ShopFlag";16;1086;1036;185;268;0;0;0;0
105;"ShopFlag";16;1086;1036;185;263;0;0;0;0
106;"ShopFlag";16;1086;1036;185;258;0;0;0;0
107;"ShopFlag";16;1086;1036;185;253;0;0;0;0
108;"ShopFlag";16;1086;1036;185;248;0;0;0;0
109;"ShopFlag";16;1086;1036;185;243;0;0;0;0
110;"ShopFlag";16;1086;1036;210;268;0;0;0;0
111;"ShopFlag";16;1086;1036;210;263;0;0;0;0
112;"ShopFlag";16;1086;1036;210;258;0;0;0;0
113;"ShopFlag";16;1086;1036;210;253;0;0;0;0
114;"ShopFlag";16;1086;1036;210;248;0;0;0;0
115;"ShopFlag";16;1086;1036;210;243;0;0;0;0
116;"ShopFlag";16;1086;1036;217;268;0;0;0;0
117;"ShopFlag";16;1086;1036;217;263;0;0;0;0
118;"ShopFlag";16;1086;1036;217;258;0;0;0;0
119;"ShopFlag";16;1086;1036;217;253;0;0;0;0
120;"ShopFlag";16;1086;1036;217;248;0;0;0;0
121;"ShopFlag";16;1086;1036;217;243;0;0;0;0
122;"ShopFlag";16;1086;1036;269;174;0;0;0;0
141;"Pharmacist";1;32;1036;198;181;0;0;0;0
150;"ShopFlag";16;1086;1036;166;152;0;0;0;0
151;"ShopFlag";16;1086;1036;166;147;0;0;0;0
152;"ShopFlag";16;1086;1036;166;142;0;0;0;0
153;"ShopFlag";16;1086;1036;166;137;0;0;0;0
154;"ShopFlag";16;1086;1036;166;132;0;0;0;0
155;"ShopFlag";16;1086;1036;166;127;0;0;0;0
156;"ShopFlag";16;1086;1036;173;152;0;0;0;0
157;"ShopFlag";16;1086;1036;173;147;0;0;0;0
158;"ShopFlag";16;1086;1036;173;142;0;0;0;0
159;"ShopFlag";16;1086;1036;173;137;0;0;0;0
160;"ShopFlag";16;1086;1036;173;132;0;0;0;0
161;"ShopFlag";16;1086;1036;173;127;0;0;0;0
162;"ShopFlag";16;1086;1036;198;152;0;0;0;0
163;"ShopFlag";16;1086;1036;198;147;0;0;0;0
164;"ShopFlag";16;1086;1036;198;142;0;0;0;0
165;"ShopFlag";16;1086;1036;198;137;0;0;0;0
166;"ShopFlag";16;1086;1036;198;132;0;0;0;0
167;"ShopFlag";16;1086;1036;198;127;0;0;0;0
168;"ShopFlag";16;1086;1036;205;152;0;0;0;0
169;"ShopFlag";16;1086;1036;205;147;0;0;0;0
170;"ShopFlag";16;1086;1036;205;142;0;0;0;0
171;"ShopFlag";16;1086;1036;205;137;0;0;0;0
172;"ShopFlag";16;1086;1036;205;132;0;0;0;0
173;"ShopFlag";16;1086;1036;205;127;0;0;0;0
174;"ShopFlag";16;1086;1036;230;217;0;0;0;0
175;"ShopFlag";16;1086;1036;230;213;0;0;0;0
176;"ShopFlag";16;1086;1036;230;209;0;0;0;0
177;"ShopFlag";16;1086;1036;230;205;0;0;0;0
178;"ShopFlag";16;1086;1036;230;201;0;0;0;0
179;"ShopFlag";16;1086;1036;230;197;0;0;0;0
180;"ShopFlag";16;1086;1036;230;193;0;0;0;0
181;"ShopFlag";16;1086;1036;230;189;0;0;0;0
182;"ShopFlag";16;1086;1036;230;185;0;0;0;0
183;"ShopFlag";16;1086;1036;230;181;0;0;0;0
184;"ShopFlag";16;1086;1036;230;177;0;0;0;0
185;"ShopFlag";16;1086;1036;230;173;0;0;0;0
186;"ShopFlag";16;1086;1036;269;218;0;0;0;0
187;"ShopFlag";16;1086;1036;269;214;0;0;0;0
188;"ShopFlag";16;1086;1036;269;210;0;0;0;0
189;"ShopFlag";16;1086;1036;269;206;0;0;0;0
190;"ShopFlag";16;1086;1036;269;202;0;0;0;0
191;"ShopFlag";16;1086;1036;269;198;0;0;0;0
192;"ShopFlag";16;1086;1036;269;194;0;0;0;0
193;"ShopFlag";16;1086;1036;269;190;0;0;0;0
194;"ShopFlag";16;1086;1036;269;186;0;0;0;0
196;"ShopFlag";16;1086;1036;269;182;0;0;0;0
197;"ShopFlag";16;1086;1036;269;178;0;0;0;0
198;"ShopFlag";16;1086;1036;237;217;0;0;0;0
199;"ShopFlag";16;1086;1036;237;213;0;0;0;0
200;"ShopFlag";16;1086;1036;237;209;0;0;0;0
201;"ShopFlag";16;1086;1036;237;205;0;0;0;0
202;"ShopFlag";16;1086;1036;237;201;0;0;0;0
203;"ShopFlag";16;1086;1036;237;197;0;0;0;0
204;"ShopFlag";16;1086;1036;237;193;0;0;0;0
205;"ShopFlag";16;1086;1036;237;189;0;0;0;0
206;"ShopFlag";16;1086;1036;237;185;0;0;0;0
207;"ShopFlag";16;1086;1036;237;181;0;0;0;0
208;"ShopFlag";16;1086;1036;237;177;0;0;0;0
209;"ShopFlag";16;1086;1036;237;173;0;0;0;0
210;"ShopFlag";16;1086;1036;262;218;0;0;0;0
211;"ShopFlag";16;1086;1036;262;214;0;0;0;0
212;"ShopFlag";16;1086;1036;262;210;0;0;0;0
213;"ShopFlag";16;1086;1036;262;206;0;0;0;0
214;"ShopFlag";16;1086;1036;262;202;0;0;0;0
215;"ShopFlag";16;1086;1036;262;198;0;0;0;0
216;"ShopFlag";16;1086;1036;262;194;0;0;0;0
217;"ShopFlag";16;1086;1036;262;190;0;0;0;0
218;"ShopFlag";16;1086;1036;262;186;0;0;0;0
219;"ShopFlag";16;1086;1036;262;182;0;0;0;0
220;"ShopFlag";16;1086;1036;262;178;0;0;0;0
221;"ShopFlag";16;1086;1036;262;174;0;0;0;0
390;"LoveStone";2;1600;1036;192;193;0;0;0;0
432;"GreatMerchant";1;1390;1036;212;179;0;0;0;1
433;"CostumerChen";1;330;1036;204;179;0;0;0;1
923;"LadyLuck";2;9230;1036;212;188;0;0;0;0
941;"ProficiencyGod";2;9410;1036;189;212;0;0;0;0
2065;"JewelerLau";2;1432;1036;240;256;0;0;0;0
2070;"CollectorZhao";2;3220;1036;212;184;0;0;0;0
2071;"CPAdmin";2;3336;1036;178;182;0;0;0;0
3381;"SurgeonMiracle";2;2410;1036;252;242;0;0;0;0
3825;"UnknownMan";2;3196;1036;212;204;0;0;0;0
5004;"MillionaireLee";2;4294;1036;242;242;0;0;0;0
6003;"PrisonOfficer";2;9994;1036;260;242;0;0;0;0
7050;"WeaponMaster";2;9500;1036;178;192;0;0;0;0
9999;"DiceKing";19;1696;1036;139;139;0;0;0;0
10062;"MagicArtisan";2;5014;1036;179;208;0;0;0;0
10065;"GodlyArtisan";2;5044;1036;193;212;0;0;0;0
30156;"HouseAdmin";2;8060;1036;199;87;0;0;0;0
30158;"Craftsman";2;8086;1036;141;107;0;0;0;0
30159;"Carpenter";2;8090;1036;168;99;0;0;0;0
30160;"Stoneman";2;8119;1036;184;103;0;0;0;0
35015;"Ethereal";2;6690;1036;320;228;0;0;0;0
35016;"WuxingOven";2;6680;1036;320;224;0;0;0;0
35501;"ArtisanRow";2;8504;1036;179;198;0;0;0;0
300000;"Shelby";2;7624;1036;240;249;0;0;0;0
350050;"CelestialTao";2;8460;1036;291;200;0;0;0;0
600055;"Starlit";2;6217;1036;73;173;0;0;0;0
7000;"GuildKeeper";2;1131;1038;354;345;0;0;0;1
600075;"BoxerHuang";2;6440;1039;222;220;0;0;0;0
30001;"GlumMonster";2;7000;1040;585;381;0;0;0;0
30002;"GlumMonster";2;7000;1040;587;379;0;0;0;0
30003;"GlumMonster";2;7000;1040;589;377;0;0;0;0
30004;"GlumMonster";2;7000;1040;591;375;0;0;0;0
30005;"GlumMonster";2;7000;1040;593;373;0;0;0;0
30006;"StageGuard";2;7011;1040;467;484;0;0;0;0
30007;"StageGuard";2;7011;1040;443;508;0;0;0;0
30008;"StageGuard";2;7011;1040;419;532;0;0;0;0
30009;"StageGuard";2;7011;1040;395;556;0;0;0;0
30010;"StageGuard";2;7011;1040;371;580;0;0;0;0
30011;"GreenSnake";2;7020;1040;532;326;0;0;0;0
30012;"GreenSnake";2;7020;1040;534;324;0;0;0;0
30013;"GreenSnake";2;7020;1040;536;322;0;0;0;0
30014;"GreenSnake";2;7020;1040;538;320;0;0;0;0
30015;"GreenSnake";2;7020;1040;540;318;0;0;0;0
30016;"StageGuard";2;7011;1040;419;436;0;0;0;0
30017;"StageGuard";2;7011;1040;395;460;0;0;0;0
30018;"StageGuard";2;7011;1040;371;484;0;0;0;0
30019;"StageGuard";2;7011;1040;347;508;0;0;0;0
30020;"StageGuard";2;7011;1040;323;532;0;0;0;0
30021;"EvilHawk";2;7030;1040;482;278;0;0;0;0
30022;"EvilHawk";2;7030;1040;484;276;0;0;0;0
30023;"EvilHawk";2;7030;1040;486;274;0;0;0;0
30024;"EvilHawk";2;7030;1040;488;272;0;0;0;0
30025;"EvilHawk";2;7030;1040;490;270;0;0;0;0
30026;"StageGuard";2;7011;1040;371;388;0;0;0;0
30027;"StageGuard";2;7011;1040;347;412;0;0;0;0
30028;"StageGuard";2;7011;1040;323;436;0;0;0;0
30029;"StageGuard";2;7011;1040;299;460;0;0;0;0
30030;"StageGuard";2;7011;1040;275;484;0;0;0;0
30031;"MonsterGeneral";2;7040;1040;426;222;0;0;0;0
30032;"MonsterGeneral";2;7040;1040;428;220;0;0;0;0
30033;"MonsterGeneral";2;7040;1040;430;218;0;0;0;0
30034;"MonsterGeneral";2;7040;1040;432;216;0;0;0;0
30035;"MonsterGeneral";2;7040;1040;434;214;0;0;0;0
30036;"StageGuard";2;7011;1040;323;340;0;0;0;0
30037;"StageGuard";2;7011;1040;299;364;0;0;0;0
30038;"StageGuard";2;7011;1040;275;388;0;0;0;0
30039;"StageGuard";2;7011;1040;251;412;0;0;0;0
30040;"StageGuard";2;7011;1040;227;436;0;0;0;0
30043;"TerminalGuard";2;7050;1040;383;179;0;0;0;0
30044;"TerminalGuard";2;7050;1040;385;177;0;0;0;0
30045;"TerminalGuard";2;7050;1040;387;175;0;0;0;0
30046;"StageGuard";2;7011;1040;275;292;0;0;0;0
30047;"StageGuard";2;7011;1040;251;316;0;0;0;0
30048;"StageGuard";2;7011;1040;227;340;0;0;0;0
30049;"StageGuard";2;7011;1040;203;364;0;0;0;0
30050;"StageGuard";2;7011;1040;179;388;0;0;0;0
30051;"TerminalGuard";2;7050;1040;389;173;0;0;0;0
30052;"TerminalGuard";2;7050;1040;391;171;0;0;0;0
30054;"GodCloud";2;7100;1040;83;184;0;0;0;0
30061;"GuardingKid";2;7130;1041;510;324;0;0;0;0
30062;"GuardingKid";2;7130;1041;584;393;0;0;0;0
30063;"GuardingKid";2;7130;1041;544;289;0;0;0;0
30064;"GuardingKid";2;7130;1041;616;361;0;0;0;0
30077;"KindTaoist";2;7110;1041;301;151;0;0;0;0
30090;"GuardingKid";2;7130;1041;512;322;0;0;0;0
600003;"Maggie";2;6100;1042;19;19;0;0;0;0
600004;"GuardianGod";2;6111;1043;204;150;0;0;0;0
600005;"Ghost";2;6127;1043;6;66;0;0;0;0
600006;"GuardianGod";2;6111;1044;204;150;0;0;0;0
600007;"Ghost";2;6127;1044;6;66;0;0;0;0
600008;"GuardianGod";2;6111;1045;204;150;0;0;0;0
600009;"Ghost";2;6127;1045;6;66;0;0;0;0
600010;"GuardianGod";2;6111;1046;204;150;0;0;0;0
600011;"Ghost";2;6127;1046;6;66;0;0;0;0
600012;"GuardianGod";2;6111;1047;204;150;0;0;0;0
600013;"Ghost";2;6127;1047;6;66;0;0;0;0
600014;"GuardianGod";2;6111;1048;204;150;0;0;0;0
600015;"Ghost";2;6127;1048;6;66;0;0;0;0
600016;"GuardianGod";2;6111;1049;204;150;0;0;0;0
600017;"Ghost";2;6127;1049;6;66;0;0;0;0
600018;"LonelyGhost";2;6132;1050;184;165;0;0;0;0
600019;"LonelyGhost";2;6132;1050;160;161;0;0;0;0
600020;"LonelyGhost";2;6131;1050;183;187;0;0;0;0
600021;"LonelyGhost";2;6133;1050;132;124;0;0;0;0
600022;"LonelyGhost";2;6134;1050;100;109;0;0;0;0
600023;"LonelyGhost";2;6132;1050;81;103;0;0;0;0
600024;"LonelyGhost";2;6132;1050;134;96;0;0;0;0
600025;"LonelyGhost";2;6135;1050;94;73;0;0;0;0
600026;"LonelyGhost";2;6133;1050;79;130;0;0;0;0
600027;"LonelyGhost";2;6132;1050;121;178;0;0;0;0
600028;"LonelyGhost";2;6136;1050;93;41;0;0;0;0
600029;"LonelyGhost";2;6130;1050;156;119;0;0;0;0
600030;"LonelyGhost";2;6132;1050;184;134;0;0;0;0
600031;"LonelyGhost";2;6135;1050;82;82;0;0;0;0
600032;"LonelyGhost";2;6133;1050;54;96;0;0;0;0
600033;"LonelyGhost";2;6137;1050;175;123;0;0;0;0
600034;"LonelyGhost";2;6131;1050;152;111;0;0;0;0
600035;"LonelyGhost";2;6132;1050;125;100;0;0;0;0
600036;"LonelyGhost";2;6133;1050;122;139;0;0;0;0
600037;"LonelyGhost";2;6135;1050;139;156;0;0;0;0
600038;"LonelyGhost";2;6136;1050;138;123;0;0;0;0
600039;"LonelyGhost";2;6137;1050;50;40;0;0;0;0
600040;"LonelyGhost";2;6133;1050;59;28;0;0;0;0
600041;"LonelyGhost";2;6135;1050;87;48;0;0;0;0
600042;"LonelyGhost";2;6132;1050;114;67;0;0;0;0
300011;"WarriorGuard";2;7690;1052;229;233;0;0;0;0
300012;"TrojanGuard";2;7710;1052;191;201;0;0;0;0
300013;"FireGuard";2;7720;1052;181;176;0;0;0;0
300014;"WaterGuard";2;7730;1052;206;179;0;0;0;0
300015;"ArcherGuard";2;7740;1052;243;219;0;0;0;0
30065;"ProtectingKid";2;7140;1060;510;324;0;0;0;0
30066;"ProtectingKid";2;7140;1060;582;395;0;0;0;0
30067;"ProtectingKid";2;7140;1060;542;291;0;0;0;0
30068;"ProtectingKid";2;7140;1060;615;363;0;0;0;0
30091;"ProtectingKid";2;7140;1060;512;322;0;0;0;0
30069;"ProtectingKid";2;7140;1061;510;324;0;0;0;0
30070;"ProtectingKid";2;7140;1061;582;395;0;0;0;0
30071;"ProtectingKid";2;7140;1061;542;291;0;0;0;0
30072;"ProtectingKid";2;7140;1061;615;363;0;0;0;0
30092;"ProtectingKid";2;7140;1061;512;322;0;0;0;0
30124;"Lauren";2;7540;1061;266;126;0;0;0;0
30127;"CellGuard";2;7530;1061;303;142;0;0;0;0
30073;"ProtectingKid";2;7140;1062;510;324;0;0;0;0
30074;"ProtectingKid";2;7140;1062;582;395;0;0;0;0
30075;"ProtectingKid";2;7140;1062;542;291;0;0;0;0
30076;"ProtectingKid";2;7140;1062;615;363;0;0;0;0
30093;"ProtectingKid";2;7140;1062;512;322;0;0;0;0
30125;"GreenSnake";2;7410;1063;87;44;0;0;0;0
30168;"Yougo";2;8430;1077;547;193;0;0;0;0
300651;"Explorer";2;9100;1077;360;8;0;0;0;0
1500;"Matchmaker";2;1710;1102;95;60;0;0;0;0
300652;"MineSupervisor";2;9110;1210;717;1036;0;0;0;0
300653;"Grandpa";2;9120;1212;381;32;0;0;0;0
3000;"DoctorHolt";2;6900;1213;474;255;0;0;0;0
4100;"Pharmacist";1;30;1213;468;251;0;0;0;0
4101;"Warehouseman";3;86;1213;425;269;0;0;0;1
300655;"OldExplorer";2;9140;1216;9;478;0;0;0;0
300654;"Boatman";2;9130;1219;381;32;0;0;0;0
1153;"EastGeneral";2;6530;1351;488;372;0;0;0;0
1154;"WestGeneral";2;6540;1352;670;468;0;0;0;0
1155;"SouthGeneral";2;6550;1353;788;545;0;0;0;0
1156;"NorthGeneral";2;6560;1354;900;677;0;0;0;0
3113;"Lamp";26;10;1511;41;61;0;0;1;1
3114;"LowShelf";26;21;1511;44;50;0;0;2;1
3115;"Cabinet";26;37;1511;37;54;0;0;3;1
3116;"BombeChest";26;51;1511;45;42;0;0;5;1
3117;"RosewoodCabinet";26;61;1511;38;35;0;0;6;1
3118;"HighCabinet";26;71;1511;51;38;0;0;7;1
3119;"FoldingScreen";26;81;1511;44;58;0;0;8;1
3120;"Dresser";26;91;1511;52;50;0;0;9;1
3121;"BasinRack";26;101;1511;56;44;0;0;10;1
3122;"Chair";26;111;1511;52;58;0;0;11;1
3123;"EndTable";26;121;1511;56;59;0;0;12;1
3124;"ItemBox";2;8200;1511;62;54;0;0;0;0
3125;"HighShelf";26;41;1511;37;42;0;0;4;1
3601;"Arthur";2;2177;1700;607;637;0;0;0;0
3602;"Bryan";2;2180;1700;609;633;0;0;0;0
3603;"Angela";2;2190;1700;611;638;0;0;0;0
3604;"Bruce";2;2200;1700;601;641;0;0;0;0
3605;"EarthSeal";2;2210;1700;444;878;0;0;0;0
3606;"WaterSeal";2;2220;1700;883;447;0;0;0;0
3607;"FireSeal";2;2230;1700;920;929;0;0;0;0
3608;"SatanSeal";2;2240;1700;331;340;0;0;0;0
3609;"CleansingStove";2;2250;1700;715;744;0;0;0;0
3615;"AndrewCurse";2;2277;1700;271;721;0;0;0;0
3616;"AndrewCurse";2;2277;1700;338;580;0;0;0;0
3617;"PeterCurse";2;2287;1700;286;722;0;0;0;0
3618;"PeterCurse";2;2287;1700;339;592;0;0;0;0
3619;"PhilipCurse";2;2290;1700;411;596;0;0;0;0
3620;"PhilipCurse";2;2290;1700;447;757;0;0;0;0
3621;"PhilipCurse";2;2290;1700;525;687;0;0;0;0
3622;"TimothyCurse";2;2307;1700;660;441;0;0;0;0
3623;"Stanley";1;2350;1700;617;639;0;0;0;0
3626;"TimothyCurse";2;2307;1700;731;478;0;0;0;0
3627;"TimothyCurse";2;2307;1700;695;557;0;0;0;0
3628;"DaphneCurse";2;2310;1700;651;341;0;0;0;0
3629;"DaphneCurse";2;2310;1700;731;313;0;0;0;0
3630;"VictoriaCurse";2;2327;1700;680;919;0;0;0;0
3631;"VictoriaCurse";2;2327;1700;591;974;0;0;0;0
3632;"VictoriaCurse";2;2327;1700;790;979;0;0;0;0
3633;"WayneCurse";2;2336;1700;635;340;0;0;0;0
3634;"WayneCurse";2;2330;1700;729;298;0;0;0;0
3635;"TheodoreCurse";2;2346;1700;956;789;0;0;0;0
3636;"TheodoreCurse";2;2346;1700;923;724;0;0;0;0
3637;"TheodoreCurse";2;2346;1700;985;593;0;0;0;0
1613;"BlueMouse";2;6890;2001;81;81;0;0;0;0
1612;"BlueMouse";2;6890;2003;43;61;0;0;0;0
1617;"BlueMouse";2;6890;2004;68;90;0;0;0;0
1614;"BlueMouse";2;6890;2006;104;85;0;0;0;0
1616;"BlueMouse";2;6890;2009;96;117;0;0;0;0
1615;"BlueMouse";2;6890;2011;109;126;0;0;0;0
31;"GeneralBravery";2;310;5000;28;82;0;0;0;0
32;"GeneralWinner";2;320;5000;32;78;0;0;0;0
145;"GeneralWinner";2;320;5000;35;78;0;0;0;0
146;"GeneralWinner";2;320;5000;37;78;0;0;0;0
2888;"VIPSHOP";1;1390;5000;100;100;0;0;0;1
3640;"Luna";2;8040;5000;39;89;0;0;0;0
3641;"Luna";2;8040;5000;40;89;0;0;0;0
3642;"Luna";2;8040;5000;41;89;0;0;0;0
3643;"Luna";2;8040;5000;42;89;0;0;0;0
3644;"Luna";2;8040;5000;43;89;0;0;0;0
3645;"Luna";2;8040;5000;44;89;0;0;0;0
3646;"Luna";2;8040;5000;45;89;0;0;0;0
3647;"Luna";2;8040;5000;46;89;0;0;0;0
3648;"Luna";2;8040;5000;47;89;0;0;0;0
3649;"Luna";2;8040;5000;48;89;0;0;0;0
3650;"Luna";2;8040;5000;49;89;0;0;0;0
3666;"Luna";2;8040;5000;39;88;0;0;0;0
3667;"Luna";2;8040;5000;40;88;0;0;0;0
3668;"Luna";2;8040;5000;41;88;0;0;0;0
3669;"Luna";2;8040;5000;42;88;0;0;0;0
3670;"Luna";2;8040;5000;43;88;0;0;0;0
3671;"Luna";2;8040;5000;44;88;0;0;0;0
3672;"Luna";2;8040;5000;45;88;0;0;0;0
3673;"Luna";2;8040;5000;46;88;0;0;0;0
3674;"Luna";2;8040;5000;47;88;0;0;0;0
3675;"Luna";2;8040;5000;48;88;0;0;0;0
3676;"Luna";2;8040;5000;49;88;0;0;0;0
3677;"Luna";2;8040;5000;50;88;0;0;0;0
7212;"null";2;8530;5000;110;60;0;0;0;0
10061;"CaptainFang";2;5006;5000;125;125;0;0;0;0
20060;"ArenaGuard";2;260;5000;30;78;0;0;0;0
20090;"ArenaGuard";2;260;5000;32;78;0;0;0;0
20120;"ArenaGuard";2;260;5000;34;78;0;0;0;0
30087;"Druggist";2;7220;5000;52;56;0;0;0;0
30122;"Tientsin";2;7520;5000;58;59;0;0;0;0
600067;"Emily";2;6303;5000;27;77;0;0;0;0
42;"Warden";2;380;6000;25;68;0;0;0;0
140;"Warden";2;1160;6001;25;70;0;0;0;0
6002;"Warden";2;6510;6002;25;68;0;0;0;0
420;"Warden";2;380;6010;25;68;0;0;0;0
